X,Y,Nombre,Sospechoso
55.1434814,35.1525513,Iran,700
-71.542969,-35.675147,Chile,260
-48.5854607,-13.3753425,Brasil,182
-115.4522623,32.6245389,Mexicali,1
